meeting_id,date,label
Meeting_1,Meeting 1,Meeting 1
Meeting_2,Meeting 2,Meeting 2
Meeting_3,Meeting 3,Meeting 3
Meeting_4,Meeting 4,Meeting 4
Meeting_5,Meeting 5,Meeting 5
Meeting_6,Meeting 6,Meeting 6
Meeting_7,Meeting 7,Meeting 7
Meeting_8,Meeting 8,Meeting 8
Meeting_9,Meeting 9,Meeting 9
Meeting_10,Meeting 10,Meeting 10
Meeting_11,Meeting 11,Meeting 11
Meeting_12,Meeting 12,Meeting 12
Meeting_13,07-03-40,07-03-40
Meeting_14,Meeting 14,Meeting 14
Meeting_15,07-17-40,07-17-40
Meeting_16,Meeting 16,Meeting 16
