trip_id,people_id,time
trip_0,Simone Kat,
trip_1,Seal,
trip_2,Ed Helpsford,
trip_3,Teddy Goldstein,
trip_4,Seal,
trip_5,Carol Limpet,
trip_6,Ed Helpsford,
trip_7,Teddy Goldstein,
trip_8,Carol Limpet,
trip_9,Tante Titan,
trip_10,Teddy Goldstein,
trip_11,Simone Kat,
trip_12,Simone Kat,
trip_13,Ed Helpsford,
trip_14,Simone Kat,
trip_15,Carol Limpet,
trip_16,Carol Limpet,
trip_17,Ed Helpsford,
trip_18,Ed Helpsford,
trip_19,Carol Limpet,
trip_20,Simone Kat,
trip_21,Ed Helpsford,
trip_22,Simone Kat,
trip_23,Carol Limpet,
trip_24,Carol Limpet,
trip_25,Teddy Goldstein,
trip_26,Tante Titan,
trip_27,Seal,
trip_28,Carol Limpet,
trip_29,Ed Helpsford,
trip_30,Carol Limpet,
trip_31,Teddy Goldstein,
trip_32,Tante Titan,
trip_33,Tante Titan,
trip_34,Teddy Goldstein,
trip_35,Ed Helpsford,
trip_36,Tante Titan,
trip_37,Ed Helpsford,
trip_38,Simone Kat,
trip_39,Teddy Goldstein,
trip_40,Seal,
trip_41,Seal,
trip_42,Tante Titan,
trip_43,Seal,
trip_44,Simone Kat,
trip_45,Ed Helpsford,
trip_46,Tante Titan,
trip_47,Simone Kat,
trip_48,Carol Limpet,
trip_49,Teddy Goldstein,
trip_50,Carol Limpet,
trip_51,Ed Helpsford,
trip_52,Carol Limpet,
trip_53,Teddy Goldstein,
trip_54,Ed Helpsford,
trip_55,Tante Titan,
trip_56,Simone Kat,
trip_57,Seal,
trip_58,Ed Helpsford,
trip_59,Carol Limpet,
trip_60,Teddy Goldstein,
trip_61,Seal,
trip_62,Ed Helpsford,
trip_63,Simone Kat,
trip_64,Carol Limpet,
trip_65,Simone Kat,
trip_66,Teddy Goldstein,
trip_67,Carol Limpet,
trip_68,Tante Titan,
trip_69,Ed Helpsford,
trip_70,Seal,
trip_71,Carol Limpet,
trip_72,Carol Limpet,
trip_73,Carol Limpet,
trip_74,Carol Limpet,
trip_75,Teddy Goldstein,
trip_76,Simone Kat,
trip_77,Seal,
trip_78,Seal,
trip_79,Carol Limpet,
trip_80,Ed Helpsford,
trip_81,Carol Limpet,
trip_82,Ed Helpsford,
trip_83,Seal,
trip_84,Tante Titan,
trip_85,Carol Limpet,
trip_86,Tante Titan,
trip_87,Ed Helpsford,
trip_88,Teddy Goldstein,
trip_89,Ed Helpsford,
trip_90,Teddy Goldstein,
trip_91,Teddy Goldstein,
trip_92,Carol Limpet,
trip_93,Tante Titan,
trip_94,Simone Kat,
trip_95,Teddy Goldstein,
trip_96,Teddy Goldstein,
trip_97,Simone Kat,
trip_98,Tante Titan,
trip_99,Seal,
trip_100,Carol Limpet,
trip_101,Simone Kat,
trip_102,Carol Limpet,
trip_103,Tante Titan,
trip_104,Teddy Goldstein,
trip_105,Simone Kat,
trip_106,Tante Titan,
trip_107,Tante Titan,
trip_108,Tante Titan,
trip_109,Carol Limpet,
trip_110,Carol Limpet,
trip_111,Carol Limpet,
trip_112,Carol Limpet,
trip_113,Teddy Goldstein,
trip_114,Simone Kat,
trip_115,Simone Kat,
trip_116,Teddy Goldstein,
trip_117,Ed Helpsford,
trip_118,Simone Kat,
trip_119,Seal,
trip_120,Seal,
trip_121,Simone Kat,
trip_122,Simone Kat,
trip_123,Carol Limpet,
trip_124,Tante Titan,
trip_125,Carol Limpet,
trip_126,Tante Titan,
trip_127,Teddy Goldstein,
trip_128,Tante Titan,
trip_129,Tante Titan,
trip_130,Carol Limpet,
trip_131,Simone Kat,
trip_132,Seal,
trip_133,Ed Helpsford,
trip_134,Seal,
trip_135,Seal,
trip_136,Seal,
trip_137,Carol Limpet,
trip_138,Simone Kat,
trip_139,Carol Limpet,
trip_140,Ed Helpsford,
trip_141,Teddy Goldstein,
trip_142,Tante Titan,
trip_143,Seal,
trip_144,Carol Limpet,
trip_145,Simone Kat,
trip_146,Simone Kat,
trip_147,Teddy Goldstein,
trip_148,Ed Helpsford,
trip_149,Seal,
trip_150,Tante Titan,
trip_151,Teddy Goldstein,
trip_152,Tante Titan,
trip_153,Carol Limpet,
trip_154,Carol Limpet,
trip_155,Simone Kat,
trip_156,Ed Helpsford,
trip_157,Simone Kat,
trip_158,Seal,
trip_159,Tante Titan,
trip_160,Tante Titan,
trip_161,Teddy Goldstein,
trip_162,Ed Helpsford,
trip_163,Simone Kat,
trip_164,Tante Titan,
trip_165,Teddy Goldstein,
trip_166,Simone Kat,
trip_167,Ed Helpsford,
trip_168,Ed Helpsford,
trip_169,Simone Kat,
trip_170,Simone Kat,
trip_171,Tante Titan,
trip_172,Ed Helpsford,
trip_173,Simone Kat,
trip_174,Teddy Goldstein,
trip_175,Carol Limpet,
trip_176,Tante Titan,
trip_177,Carol Limpet,
trip_178,Tante Titan,
trip_179,Seal,
trip_180,Carol Limpet,
trip_181,Tante Titan,
trip_182,Teddy Goldstein,
trip_183,Seal,
trip_184,Carol Limpet,
trip_185,Tante Titan,
trip_186,Simone Kat,
trip_187,Simone Kat,
trip_188,Carol Limpet,
trip_189,Ed Helpsford,
trip_190,Carol Limpet,
trip_191,Tante Titan,
trip_192,Seal,
trip_193,Carol Limpet,
trip_194,Ed Helpsford,
trip_195,Carol Limpet,
trip_196,Seal,
trip_197,Carol Limpet,
trip_198,Tante Titan,
trip_199,Tante Titan,
trip_200,Seal,
trip_201,Carol Limpet,
trip_202,Teddy Goldstein,
trip_203,Carol Limpet,
trip_204,Simone Kat,
trip_205,Simone Kat,
trip_206,Ed Helpsford,
trip_207,Carol Limpet,
trip_208,Teddy Goldstein,
trip_209,Tante Titan,
trip_210,Simone Kat,
trip_211,Seal,
trip_212,Ed Helpsford,
trip_213,Ed Helpsford,
trip_214,Tante Titan,
trip_215,Simone Kat,
trip_216,Tante Titan,
trip_217,Seal,
trip_218,Carol Limpet,
trip_219,Simone Kat,
trip_220,Ed Helpsford,
trip_221,Carol Limpet,
trip_222,Teddy Goldstein,
trip_223,Teddy Goldstein,
trip_224,Carol Limpet,
trip_225,Ed Helpsford,
trip_226,Ed Helpsford,
trip_227,Tante Titan,
trip_228,Simone Kat,
trip_229,Simone Kat,
trip_230,Simone Kat,
trip_231,Simone Kat,
trip_232,Ed Helpsford,
trip_233,Simone Kat,
trip_234,Ed Helpsford,
trip_235,Carol Limpet,
trip_236,Ed Helpsford,
trip_237,Tante Titan,
trip_238,Carol Limpet,
trip_239,Tante Titan,
trip_240,Carol Limpet,
trip_241,Simone Kat,
trip_242,Simone Kat,
trip_243,Simone Kat,
trip_244,Simone Kat,
trip_245,Ed Helpsford,
trip_246,Carol Limpet,
trip_247,Simone Kat,
trip_248,Seal,
trip_249,Seal,
trip_250,Seal,
trip_251,Carol Limpet,
trip_252,Simone Kat,
trip_253,Ed Helpsford,
trip_254,Ed Helpsford,
trip_255,Ed Helpsford,
trip_256,Carol Limpet,
trip_257,Carol Limpet,
trip_258,Seal,
trip_259,Seal,
trip_260,Tante Titan,
trip_261,Ed Helpsford,
trip_262,Simone Kat,
trip_263,Seal,
trip_264,Seal,
trip_265,Teddy Goldstein,
trip_266,Seal,
trip_267,Simone Kat,
trip_268,Seal,
trip_269,Ed Helpsford,
trip_270,Carol Limpet,
trip_271,Seal,
trip_272,Teddy Goldstein,
trip_273,Simone Kat,
trip_274,Simone Kat,
trip_275,Seal,
trip_276,Seal,
trip_277,Carol Limpet,
trip_278,Teddy Goldstein,
trip_279,Tante Titan,
trip_280,Teddy Goldstein,
trip_281,Teddy Goldstein,
trip_282,Carol Limpet,
trip_283,Seal,
trip_284,Ed Helpsford,
trip_285,Simone Kat,
trip_286,Simone Kat,
trip_287,Ed Helpsford,
trip_288,Teddy Goldstein,
trip_289,Ed Helpsford,
trip_290,Carol Limpet,
trip_291,Carol Limpet,
trip_292,Simone Kat,
trip_293,Teddy Goldstein,
trip_294,Simone Kat,
trip_295,Tante Titan,
trip_296,Seal,
trip_297,Teddy Goldstein,
trip_298,Ed Helpsford,
trip_299,Ed Helpsford,
trip_300,Simone Kat,
trip_301,Tante Titan,
trip_302,Seal,
trip_303,Carol Limpet,
trip_304,Ed Helpsford,
trip_305,Ed Helpsford,
trip_306,Seal,
trip_307,Simone Kat,
trip_308,Seal,
trip_309,Carol Limpet,
trip_310,Ed Helpsford,
trip_311,Carol Limpet,
trip_312,Simone Kat,
trip_313,Ed Helpsford,
trip_314,Seal,
trip_315,Simone Kat,
trip_316,Ed Helpsford,
trip_317,Simone Kat,
trip_318,Ed Helpsford,
trip_319,Seal,
trip_320,Seal,
trip_321,Ed Helpsford,
trip_322,Simone Kat,
trip_323,Carol Limpet,
trip_324,Ed Helpsford,
trip_325,Teddy Goldstein,
trip_326,Ed Helpsford,
trip_327,Simone Kat,
trip_328,Seal,
trip_329,Tante Titan,
trip_330,Tante Titan,
trip_331,Teddy Goldstein,
trip_332,Ed Helpsford,
trip_333,Tante Titan,
trip_334,Seal,
trip_335,Carol Limpet,
trip_336,Ed Helpsford,
trip_337,Seal,
trip_338,Simone Kat,
trip_339,Tante Titan,
trip_340,Teddy Goldstein,
trip_341,Seal,
